﻿<?xml version="1.0" encoding="utf-8" ?>
<Platforms>
  <Platform  name="tmall" siteUrl="https://www.tmall.com/" description="天猫"/>
  <Platform  name="taobao" siteUrl="https://www.taobao.com/" description="淘宝"/>
  <Platform  name="jd" siteUrl="https://www.jd.com/" description="京东"/>
  <Platform  name="pdd" siteUrl="http://mobile.yangkeduo.com/" description="拼多多"/>
  <Platform  name="vip" siteUrl="https://www.vip.com/" description="唯品会"/>
  <Platform  name="guomei" siteUrl="https://www.gome.com.cn" description="国美"/>
  <Platform  name="suning" siteUrl="https://www.suning.com/" description="苏宁"/>
  <Platform  name="dangdang" siteUrl="  http://www.dangdang.com" description="当当"/>
  <Platform  name="yhd" siteUrl="http://www.yhd.com" description="一号店"/>
  <Platform  name="meilishuo" siteUrl="http://www.meilishuo.com/" description="美丽说"/>
  <Platform  name="mogujie" siteUrl="http://www.mogujie.com/" description="蘑菇街"/>
  <Platform  name="zhe800" siteUrl="https://www.zhe800.com/" description="折800"/>
  <Platform  name="yitao" siteUrl="https://www.etao.com/" description="一淘"/>

</Platforms>